company_name,job_title,url,salary_info,source,glassdoor_wlb
Dropbox,Data Scientist,https://jobs.dropbox.com/listing/7762009?gh_jid=7762009,"~$1,127,000 TC (Levels.fyi estimate)",greenhouse,4.2
Dropbox,PhD Machine Learning Intern (Summer 2026),https://jobs.dropbox.com/listing/7368677?gh_jid=7368677,"~$1,127,000 TC (Levels.fyi estimate)",greenhouse,4.2
Dropbox,"Senior Data Scientist, AI Products",https://jobs.dropbox.com/listing/7729761?gh_jid=7729761,"$173,700+ (listed)",greenhouse,4.2
Twilio,Staff Machine Learning Engineer (L4),https://job-boards.greenhouse.io/twilio/jobs/7716287,"$188,240 - $235,300 (listed)",greenhouse,4.0
Reddit,"Director of Machine Learning, Safety & Mods",https://job-boards.greenhouse.io/reddit/jobs/7430544,"$265,800+ (listed)",greenhouse,4.0
Reddit,"Machine Learning Engineer, Ads",https://job-boards.greenhouse.io/reddit/jobs/7131932,"$185,800+ (listed)",greenhouse,4.0
Reddit,"Principal Data Scientist, Ads",https://job-boards.greenhouse.io/reddit/jobs/7330347,"$268,000+ (listed)",greenhouse,4.0
Reddit,"Senior Data Scientist, Ads",https://job-boards.greenhouse.io/reddit/jobs/6042236,"$190,800+ (listed)",greenhouse,4.0
Reddit,"Senior Data Scientist, Consumer",https://job-boards.greenhouse.io/reddit/jobs/7275414,"$190,800+ (listed)",greenhouse,4.0
Reddit,Senior Machine Learning Engineer ,https://job-boards.greenhouse.io/reddit/jobs/7697512,"$185,800+ (listed)",greenhouse,4.0
Reddit,"Senior Machine Learning Engineer, Ads",https://job-boards.greenhouse.io/reddit/jobs/6960831,"$216,700+ (listed)",greenhouse,4.0
Reddit,"Senior Machine Learning Engineer, Core Experience and Growth",https://job-boards.greenhouse.io/reddit/jobs/7391392,"$216,700+ (listed)",greenhouse,4.0
Reddit,"Senior Machine Learning Engineer, Dev Platform Data and Discovery",https://job-boards.greenhouse.io/reddit/jobs/7377109,"$216,700+ (listed)",greenhouse,4.0
Reddit,"Senior  Machine Learning Engineer, ML Training Platform ",https://job-boards.greenhouse.io/reddit/jobs/7074776,"$216,700+ (listed)",greenhouse,4.0
Reddit,Senior Machine Learning Systems Engineer,https://job-boards.greenhouse.io/reddit/jobs/7731772,"$216,700+ (listed)",greenhouse,4.0
Reddit,"Senior Research Engineer, Post-training & Evaluation",https://job-boards.greenhouse.io/reddit/jobs/7555007,"$216,700+ (listed)",greenhouse,4.0
Reddit,"Senior Software Engineer, GenAI Platform",https://job-boards.greenhouse.io/reddit/jobs/7753480,"$190,800+ (listed)",greenhouse,4.0
Reddit,Senior Staff Machine Learning Engineer,https://job-boards.greenhouse.io/reddit/jobs/6409611,"$266,000+ (listed)",greenhouse,4.0
Reddit,"Senior Staff Machine Learning Engineer, Feed Relevance",https://job-boards.greenhouse.io/reddit/jobs/6264211,"$266,000+ (listed)",greenhouse,4.0
Reddit,"Senior Staff Machine Learning Engineer, GenAI Platform",https://job-boards.greenhouse.io/reddit/jobs/7772274,"$292,500+ (listed)",greenhouse,4.0
Reddit,"Staff Data Scientist, Consumer",https://job-boards.greenhouse.io/reddit/jobs/6745284,"$217,000+ (listed)",greenhouse,4.0
Reddit,"Staff Machine Learning Engineer, Ads Auction (Ads Marketplace Quality)",https://job-boards.greenhouse.io/reddit/jobs/7181821,"$230,000+ (listed)",greenhouse,4.0
Reddit,"Staff Machine Learning Engineer, Consumer ",https://job-boards.greenhouse.io/reddit/jobs/7747244,"$230,000+ (listed)",greenhouse,4.0
Reddit,"Staff Machine Learning Engineer, GenAI Platform",https://job-boards.greenhouse.io/reddit/jobs/7772523,"$253,300+ (listed)",greenhouse,4.0
Reddit,Staff Machine Learning Systems Engineer,https://job-boards.greenhouse.io/reddit/jobs/7731788,"$230,000+ (listed)",greenhouse,4.0
Reddit,"Staff Research Engineer, Pre-training Science",https://job-boards.greenhouse.io/reddit/jobs/7554999,"$230,000+ (listed)",greenhouse,4.0
Airbnb,"Senior Staff Data Scientist, Guest & Host Marketplace AI",https://careers.airbnb.com/positions/7107054?gh_jid=7107054,"$224,000+ (listed)",greenhouse,4.1
Airbnb,"Senior Staff Machine Learning Engineer, Communication & Connectivity",https://careers.airbnb.com/positions/7005605?gh_jid=7005605,"$244,000+ (listed)",greenhouse,4.1
Airbnb,"Senior Staff Machine Learning Engineer, Trust",https://careers.airbnb.com/positions/7592146?gh_jid=7592146,"$244,000+ (listed)",greenhouse,4.1
Airbnb,Staff Data Scientist - AI-enabled Product Understanding (Inference),https://careers.airbnb.com/positions/7360248?gh_jid=7360248,"$194,000+ (listed)",greenhouse,4.1
Airbnb,"Staff Data Scientist, Marketplace",https://careers.airbnb.com/positions/7415829?gh_jid=7415829,"$194,000+ (listed)",greenhouse,4.1
Airbnb,"Staff Data Scientist, Marketplace Optimization and Ranking",https://careers.airbnb.com/positions/7705161?gh_jid=7705161,"$194,000+ (listed)",greenhouse,4.1
Airbnb,"Staff Data Scientist, Pricing",https://careers.airbnb.com/positions/7705262?gh_jid=7705262,"$194,000+ (listed)",greenhouse,4.1
Airbnb,"Staff GenAI Backend Engineer, Automation Foundation",https://careers.airbnb.com/positions/7463421?gh_jid=7463421,"$204,000+ (listed)",greenhouse,4.1
Airbnb,Staff Machine Learning Engineer - Community Support Engineering,https://careers.airbnb.com/positions/7116975?gh_jid=7116975,"$204,000+ (listed)",greenhouse,4.1
Airbnb,"Staff Machine Learning Engineer, Listings and Host Tools Data and AI",https://careers.airbnb.com/positions/7454348?gh_jid=7454348,"$204,000+ (listed)",greenhouse,4.1
Waymo,"ML Engineer, Foundation Model Evaluation",https://careers.withwaymo.com/jobs?gh_jid=7536948,"$170,000+ (listed)",greenhouse,4.2
Datadog,Senior AI Engineer - APM Integrations,https://careers.datadoghq.com/detail/7582802/?gh_jid=7582802,"~$698,987 TC (Levels.fyi estimate)",greenhouse,4.2
Datadog,Staff AI Engineer - MCP Services,https://careers.datadoghq.com/detail/7627410/?gh_jid=7627410,"~$698,987 TC (Levels.fyi estimate)",greenhouse,4.2
Datadog,Staff AI Engineer - Notebooks ,https://careers.datadoghq.com/detail/7627429/?gh_jid=7627429,"~$698,987 TC (Levels.fyi estimate)",greenhouse,4.2
Gusto,"Staff Applied AI and Machine Learning Engineer, Payments & Risk",https://job-boards.greenhouse.io/gusto/jobs/7235805,"$225,000 - $285,000 (listed)",greenhouse,4.2
Affirm,"Senior Staff Machine Learning Engineer, (ML Underwriting)",https://job-boards.greenhouse.io/affirm/jobs/7550524003,"$206,000 - $256,000 (listed)",greenhouse,4.0
Databricks,AI Engineer - FDE (Forward Deployed Engineer),https://databricks.com/company/careers/open-positions/job?gh_jid=8099751002,"~$1,652,975 TC (Levels.fyi estimate)",greenhouse,4.3
Celonis,Senior Applied AI Engineer - Energy Industry,https://job-boards.greenhouse.io/celonis/jobs/7680930003?gh_jid=7680930003,"~$409,833 TC (Levels.fyi estimate)",greenhouse,4.2
Character AI,"Research Engineer, Post-Training (All Industry Levels)",https://jobs.ashbyhq.com/character/449bf7c1-41d7-47a4-89a7-0ee0b31f5918,unknown (not on Levels.fyi),ashby,4.2
Character AI,"Research Engineer, ML Systems (All Industry Levels)",https://jobs.ashbyhq.com/character/3ab40c3d-63bd-4634-a126-5a3d25d3263b,unknown (not on Levels.fyi),ashby,4.2
Character AI,"Staff Data Scientist, Trust & Safety",https://jobs.ashbyhq.com/character/07df7a5b-a285-4bfb-bef0-ee962efe3ab8,unknown (not on Levels.fyi),ashby,4.2
